,ano,estado_ibge,quantidade,valor_em_reais,estado,pib,codigo,area,população,idh,receita,despesa,natural_key
0,2003,11,4,254300.0,RO,39450587,11,237765233,1757589,690,9122310.72305,7085530.0168,254311.0
1,2004,11,11,394799.48,RO,39450587,11,237765233,1757589,690,9122310.72305,7085530.0168,394810.48
2,2005,11,12,249039.11,RO,39450587,11,237765233,1757589,690,9122310.72305,7085530.0168,249050.11
3,2006,11,7,177412.02,RO,39450587,11,237765233,1757589,690,9122310.72305,7085530.0168,177423.02
4,2007,11,19,446508.0,RO,39450587,11,237765233,1757589,690,9122310.72305,7085530.0168,446519.0
5,2008,11,10,1370330.0,RO,39450587,11,237765233,1757589,690,9122310.72305,7085530.0168,1370341.0
6,2009,11,5,562722.0,RO,39450587,11,237765233,1757589,690,9122310.72305,7085530.0168,562733.0
7,2010,11,7,867498.0,RO,39450587,11,237765233,1757589,690,9122310.72305,7085530.0168,867509.0
8,2011,11,5,500000.0,RO,39450587,11,237765233,1757589,690,9122310.72305,7085530.0168,500011.0
9,2012,11,8,1000000.0,RO,39450587,11,237765233,1757589,690,9122310.72305,7085530.0168,1000011.0
10,2013,11,9,1280807.0,RO,39450587,11,237765233,1757589,690,9122310.72305,7085530.0168,1280818.0
12,2004,12,3,112041.19,AC,13751126,12,164123738,869265,663,6632883.10836,6084416.8063,112053.19
13,2005,12,2,1113391.72,AC,13751126,12,164123738,869265,663,6632883.10836,6084416.8063,1113403.72
14,2006,12,8,1089745.25,AC,13751126,12,164123738,869265,663,6632883.10836,6084416.8063,1089757.25
15,2007,12,4,593448.29,AC,13751126,12,164123738,869265,663,6632883.10836,6084416.8063,593460.29
16,2008,12,7,655904.5,AC,13751126,12,164123738,869265,663,6632883.10836,6084416.8063,655916.5
17,2009,12,4,25000.0,AC,13751126,12,164123738,869265,663,6632883.10836,6084416.8063,25012.0
18,2010,12,3,60000.0,AC,13751126,12,164123738,869265,663,6632883.10836,6084416.8063,60012.0
19,2011,12,2,90000.0,AC,13751126,12,164123738,869265,663,6632883.10836,6084416.8063,90012.0
20,2012,12,4,304374.82,AC,13751126,12,164123738,869265,663,6632883.10836,6084416.8063,304386.82
21,2013,12,4,43931.46,AC,13751126,12,164123738,869265,663,6632883.10836,6084416.8063,43943.46
22,2003,13,6,300000.0,AM,89017165,13,1559168117,4080611,674,17328459.43402,15324896.55705,300013.0
23,2004,13,11,3400000.0,AM,89017165,13,1559168117,4080611,674,17328459.43402,15324896.55705,3400013.0
24,2005,13,19,738033.73,AM,89017165,13,1559168117,4080611,674,17328459.43402,15324896.55705,738046.73
25,2006,13,19,1592331.11,AM,89017165,13,1559168117,4080611,674,17328459.43402,15324896.55705,1592344.11
26,2007,13,15,1826968.88,AM,89017165,13,1559168117,4080611,674,17328459.43402,15324896.55705,1826981.88
27,2008,13,24,750193.86,AM,89017165,13,1559168117,4080611,674,17328459.43402,15324896.55705,750206.86
28,2009,13,14,714888.46,AM,89017165,13,1559168117,4080611,674,17328459.43402,15324896.55705,714901.46
29,2010,13,20,3411898.19,AM,89017165,13,1559168117,4080611,674,17328459.43402,15324896.55705,3411911.19
30,2011,13,18,2133152.55,AM,89017165,13,1559168117,4080611,674,17328459.43402,15324896.55705,2133165.55
31,2012,13,17,1451747.24,AM,89017165,13,1559168117,4080611,674,17328459.43402,15324896.55705,1451760.24
32,2013,13,15,2720974.28,AM,89017165,13,1559168117,4080611,674,17328459.43402,15324896.55705,2720987.28
33,2003,14,1,30000.0,RR,11011454,14,224273831,576568,707,4419450.41557,3384683.73914,30014.0
36,2006,14,1,25000.0,RR,11011454,14,224273831,576568,707,4419450.41557,3384683.73914,25014.0
37,2007,14,1,95000.0,RR,11011454,14,224273831,576568,707,4419450.41557,3384683.73914,95014.0
40,2008,14,3,92500.0,RR,11011454,14,224273831,576568,707,4419450.41557,3384683.73914,92514.0
41,2012,14,1,110000.0,RR,11011454,14,224273831,576568,707,4419450.41557,3384683.73914,110014.0
42,2003,15,23,5842618.0,PA,138068008,15,1245759305,8513497,646,25849446.10454,22533470.04547,5842633.0
43,2004,15,33,5224465.71,PA,138068008,15,1245759305,8513497,646,25849446.10454,22533470.04547,5224480.71
44,2005,15,42,2137889.54,PA,138068008,15,1245759305,8513497,646,25849446.10454,22533470.04547,2137904.54
45,2006,15,40,3000033.33,PA,138068008,15,1245759305,8513497,646,25849446.10454,22533470.04547,3000048.33
46,2007,15,38,3713560.37,PA,138068008,15,1245759305,8513497,646,25849446.10454,22533470.04547,3713575.37
47,2008,15,42,1410040.9,PA,138068008,15,1245759305,8513497,646,25849446.10454,22533470.04547,1410055.9
48,2009,15,33,4149645.33,PA,138068008,15,1245759305,8513497,646,25849446.10454,22533470.04547,4149660.33
49,2010,15,50,22526871.89,PA,138068008,15,1245759305,8513497,646,25849446.10454,22533470.04547,22526886.89
50,2011,15,33,5689654.67,PA,138068008,15,1245759305,8513497,646,25849446.10454,22533470.04547,5689669.67
51,2012,15,39,5872158.68,PA,138068008,15,1245759305,8513497,646,25849446.10454,22533470.04547,5872173.68
52,2013,15,37,2073342.82,PA,138068008,15,1245759305,8513497,646,25849446.10454,22533470.04547,2073357.82
56,2006,16,2,20000.0,AP,14338838,16,142470762,829494,708,5396417.14471,4224464.08829,20016.0
57,2007,16,4,160000.0,AP,14338838,16,142470762,829494,708,5396417.14471,4224464.08829,160016.0
58,2008,16,5,611927.2,AP,14338838,16,142470762,829494,708,5396417.14471,4224464.08829,611943.2
59,2009,16,1,142410.8,AP,14338838,16,142470762,829494,708,5396417.14471,4224464.08829,142426.8
62,2012,16,5,90000.0,AP,14338838,16,142470762,829494,708,5396417.14471,4224464.08829,90016.0
63,2003,17,5,81220.0,TO,31575831,17,277720404,1555229,699,10305099.01288,8929456.43836,81237.0
64,2004,17,17,696593.88,TO,31575831,17,277720404,1555229,699,10305099.01288,8929456.43836,696610.88
65,2005,17,16,302000.0,TO,31575831,17,277720404,1555229,699,10305099.01288,8929456.43836,302017.0
66,2006,17,15,534425.0,TO,31575831,17,277720404,1555229,699,10305099.01288,8929456.43836,534442.0
67,2007,17,16,1266001.74,TO,31575831,17,277720404,1555229,699,10305099.01288,8929456.43836,1266018.74
68,2008,17,8,355858.89,TO,31575831,17,277720404,1555229,699,10305099.01288,8929456.43836,355875.89
71,2011,17,8,74378.0,TO,31575831,17,277720404,1555229,699,10305099.01288,8929456.43836,74395.0
72,2012,17,5,366972.5,TO,31575831,17,277720404,1555229,699,10305099.01288,8929456.43836,366989.5
73,2013,17,4,271753.93,TO,31575831,17,277720404,1555229,699,10305099.01288,8929456.43836,271770.93
74,2003,21,31,893896.0,MA,85286226,21,329642170,7035055,639,18503261.35491,17627170.75574,893917.0
75,2004,21,33,825104.5,MA,85286226,21,329642170,7035055,639,18503261.35491,17627170.75574,825125.5
76,2005,21,59,4775917.45,MA,85286226,21,329642170,7035055,639,18503261.35491,17627170.75574,4775938.45
77,2007,21,37,3754528.93,MA,85286226,21,329642170,7035055,639,18503261.35491,17627170.75574,3754549.93
78,2008,21,42,2578426.51,MA,85286226,21,329642170,7035055,639,18503261.35491,17627170.75574,2578447.51
79,2009,21,11,2017713.8,MA,85286226,21,329642170,7035055,639,18503261.35491,17627170.75574,2017734.8
80,2010,21,22,10206013.78,MA,85286226,21,329642170,7035055,639,18503261.35491,17627170.75574,10206034.78
81,2006,21,40,1710100.2,MA,85286226,21,329642170,7035055,639,18503261.35491,17627170.75574,1710121.2
82,2011,21,21,4257025.87,MA,85286226,21,329642170,7035055,639,18503261.35491,17627170.75574,4257046.87
83,2012,21,18,1647128.75,MA,85286226,21,329642170,7035055,639,18503261.35491,17627170.75574,1647149.75
84,2013,21,13,802488.3,MA,85286226,21,329642170,7035055,639,18503261.35491,17627170.75574,802509.3
85,2003,22,13,1173000.0,PI,41405815,22,251616823,3264531,646,12124215.61511,9676736.31835,1173022.0
86,2004,22,9,1805000.0,PI,41405815,22,251616823,3264531,646,12124215.61511,9676736.31835,1805022.0
87,2005,22,14,1268950.0,PI,41405815,22,251616823,3264531,646,12124215.61511,9676736.31835,1268972.0
88,2006,22,15,2437213.2,PI,41405815,22,251616823,3264531,646,12124215.61511,9676736.31835,2437235.2
89,2007,22,13,480375.0,PI,41405815,22,251616823,3264531,646,12124215.61511,9676736.31835,480397.0
90,2009,22,7,2754726.19,PI,41405815,22,251616823,3264531,646,12124215.61511,9676736.31835,2754748.19
91,2010,22,12,1957574.28,PI,41405815,22,251616823,3264531,646,12124215.61511,9676736.31835,1957596.28
92,2008,22,14,3126776.609,PI,41405815,22,251616823,3264531,646,12124215.61511,9676736.31835,3126798.609
93,2011,22,15,3008677.03,PI,41405815,22,251616823,3264531,646,12124215.61511,9676736.31835,3008699.03
94,2012,22,10,2345162.5,PI,41405815,22,251616823,3264531,646,12124215.61511,9676736.31835,2345184.5
95,2013,22,14,1483823.03,PI,41405815,22,251616823,3264531,646,12124215.61511,9676736.31835,1483845.03
96,2003,24,16,193091.87,RN,59660847,24,52809602,3479010,684,13527552.73159,11330957.55333,193115.87
97,2004,24,14,897143.88,RN,59660847,24,52809602,3479010,684,13527552.73159,11330957.55333,897167.88
98,2005,24,10,1451363.86,RN,59660847,24,52809602,3479010,684,13527552.73159,11330957.55333,1451387.86
99,2006,24,14,289226.4,RN,59660847,24,52809602,3479010,684,13527552.73159,11330957.55333,289250.4
100,2007,24,16,1051344.27,RN,59660847,24,52809602,3479010,684,13527552.73159,11330957.55333,1051368.27
101,2008,24,15,1368408.2,RN,59660847,24,52809602,3479010,684,13527552.73159,11330957.55333,1368432.2
102,2009,24,10,989317.8,RN,59660847,24,52809602,3479010,684,13527552.73159,11330957.55333,989341.8
103,2010,24,11,1645106.0,RN,59660847,24,52809602,3479010,684,13527552.73159,11330957.55333,1645130.0
104,2011,24,19,1734862.5,RN,59660847,24,52809602,3479010,684,13527552.73159,11330957.55333,1734886.5
105,2012,24,19,3834778.07,RN,59660847,24,52809602,3479010,684,13527552.73159,11330957.55333,3834802.07
106,2013,24,33,8583190.31,RN,59660847,24,52809602,3479010,684,13527552.73159,11330957.55333,8583214.31
107,2003,25,5,20000.0,PB,59088986,25,56467239,3996496,658,13097005.31928,10074700.04266,20025.0
108,2004,25,16,184400.0,PB,59088986,25,56467239,3996496,658,13097005.31928,10074700.04266,184425.0
109,2005,25,25,488625.0,PB,59088986,25,56467239,3996496,658,13097005.31928,10074700.04266,488650.0
110,2006,25,28,456131.62,PB,59088986,25,56467239,3996496,658,13097005.31928,10074700.04266,456156.62
111,2007,25,31,671050.0,PB,59088986,25,56467239,3996496,658,13097005.31928,10074700.04266,671075.0
112,2008,25,36,1382416.16,PB,59088986,25,56467239,3996496,658,13097005.31928,10074700.04266,1382441.16
113,2009,25,16,1258091.75,PB,59088986,25,56467239,3996496,658,13097005.31928,10074700.04266,1258116.75
114,2010,25,24,1484181.01,PB,59088986,25,56467239,3996496,658,13097005.31928,10074700.04266,1484206.01
115,2011,25,46,1406920.72,PB,59088986,25,56467239,3996496,658,13097005.31928,10074700.04266,1406945.72
116,2012,25,18,735570.9,PB,59088986,25,56467239,3996496,658,13097005.31928,10074700.04266,735595.9
117,2013,25,21,266641.33,PB,59088986,25,56467239,3996496,658,13097005.31928,10074700.04266,266666.33
118,2003,26,109,9616399.59,PB,167289930,26,98068021,9496294,673,35746028.97102,33320486.44445,9616425.59
119,2005,26,134,12065535.36,PB,167289930,26,98068021,9496294,673,35746028.97102,33320486.44445,12065561.36
120,2008,26,139,16898566.09,PB,167289930,26,98068021,9496294,673,35746028.97102,33320486.44445,16898592.09
121,2009,26,105,24654789.95,PB,167289930,26,98068021,9496294,673,35746028.97102,33320486.44445,24654815.95
122,2010,26,135,17991286.42,PB,167289930,26,98068021,9496294,673,35746028.97102,33320486.44445,17991312.42
123,2004,26,128,8109262.763,PB,167289930,26,98068021,9496294,673,35746028.97102,33320486.44445,8109288.763
124,2006,26,123,18298419.42,PB,167289930,26,98068021,9496294,673,35746028.97102,33320486.44445,18298445.42
125,2007,26,159,18565149.54,PB,167289930,26,98068021,9496294,673,35746028.97102,33320486.44445,18565175.54
126,2011,26,129,23580379.02,PB,167289930,26,98068021,9496294,673,35746028.97102,33320486.44445,23580405.02
127,2012,26,122,18104598.15,PB,167289930,26,98068021,9496294,673,35746028.97102,33320486.44445,18104624.15
128,2013,26,111,15610136.43,PB,167289930,26,98068021,9496294,673,35746028.97102,33320486.44445,15610162.43
129,2003,27,6,162224.0,AL,49456362,27,27843295,3322820,631,11950438.46015,10460634.91711,162251.0
130,2004,27,10,849715.14,AL,49456362,27,27843295,3322820,631,11950438.46015,10460634.91711,849742.14
131,2005,27,25,682648.75,AL,49456362,27,27843295,3322820,631,11950438.46015,10460634.91711,682675.75
132,2006,27,21,1859770.66,AL,49456362,27,27843295,3322820,631,11950438.46015,10460634.91711,1859797.66
133,2007,27,15,2038906.36,AL,49456362,27,27843295,3322820,631,11950438.46015,10460634.91711,2038933.36
134,2008,27,16,1477331.0,AL,49456362,27,27843295,3322820,631,11950438.46015,10460634.91711,1477358.0
135,2009,27,11,159000.0,AL,49456362,27,27843295,3322820,631,11950438.46015,10460634.91711,159027.0
136,2010,27,8,698555.08,AL,49456362,27,27843295,3322820,631,11950438.46015,10460634.91711,698582.08
137,2011,27,9,1547016.99,AL,49456362,27,27843295,3322820,631,11950438.46015,10460634.91711,1547043.99
138,2012,27,7,1178000.0,AL,49456362,27,27843295,3322820,631,11950438.46015,10460634.91711,1178027.0
139,2003,28,13,1967113.31,SE,38866964,28,21926908,2278308,665,10145046.95355,8494927.19996,1967141.31
140,2004,28,15,4230387.47,SE,38866964,28,21926908,2278308,665,10145046.95355,8494927.19996,4230415.47
141,2005,28,19,4451548.69,SE,38866964,28,21926908,2278308,665,10145046.95355,8494927.19996,4451576.69
142,2006,28,21,1576900.0,SE,38866964,28,21926908,2278308,665,10145046.95355,8494927.19996,1576928.0
143,2007,28,18,1065560.0,SE,38866964,28,21926908,2278308,665,10145046.95355,8494927.19996,1065588.0
144,2008,28,19,2142526.59,SE,38866964,28,21926908,2278308,665,10145046.95355,8494927.19996,2142554.59
145,2009,28,8,1401105.0,SE,38866964,28,21926908,2278308,665,10145046.95355,8494927.19996,1401133.0
146,2010,28,9,1029839.0,SE,38866964,28,21926908,2278308,665,10145046.95355,8494927.19996,1029867.0
147,2011,28,24,663986.0,SE,38866964,28,21926908,2278308,665,10145046.95355,8494927.19996,664014.0
148,2012,28,13,1081276.0,SE,38866964,28,21926908,2278308,665,10145046.95355,8494927.19996,1081304.0
149,2013,28,7,526715.0,SE,38866964,28,21926908,2278308,665,10145046.95355,8494927.19996,526743.0
150,2003,29,127,10662327.93,BA,258649049,29,564722611,14812617,660,50191003.24052,45570160.0038,10662356.93
151,2004,29,163,9241517.68,BA,258649049,29,564722611,14812617,660,50191003.24052,45570160.0038,9241546.68
152,2005,29,218,19039820.22,BA,258649049,29,564722611,14812617,660,50191003.24052,45570160.0038,19039849.22
153,2007,29,287,26206613.26,BA,258649049,29,564722611,14812617,660,50191003.24052,45570160.0038,26206642.26
154,2008,29,242,19483683.924,BA,258649049,29,564722611,14812617,660,50191003.24052,45570160.0038,19483712.924
155,2009,29,171,18212090.5,BA,258649049,29,564722611,14812617,660,50191003.24052,45570160.0038,18212119.5
156,2010,29,220,19731866.57,BA,258649049,29,564722611,14812617,660,50191003.24052,45570160.0038,19731895.57
157,2006,29,241,18320546.36,BA,258649049,29,564722611,14812617,660,50191003.24052,45570160.0038,18320575.36
158,2011,29,333,16494931.76,BA,258649049,29,564722611,14812617,660,50191003.24052,45570160.0038,16494960.76
159,2012,29,204,12773225.85,BA,258649049,29,564722611,14812617,660,50191003.24052,45570160.0038,12773254.85
160,2013,29,190,11298782.25,BA,258649049,29,564722611,14812617,660,50191003.24052,45570160.0038,11298811.25
161,2003,31,333,44139927.77,MG,544633968,31,586521121,21040662,731,97199823.15616,98391669.16323,44139958.77
162,2005,31,743,79991234.359,MG,544633968,31,586521121,21040662,731,97199823.15616,98391669.16323,79991265.359
163,2006,31,835,103873117.01,MG,544633968,31,586521121,21040662,731,97199823.15616,98391669.16323,103873148.01
164,2008,31,765,108650925.05,MG,544633968,31,586521121,21040662,731,97199823.15616,98391669.16323,108650956.05
165,2009,31,690,89483276.97,MG,544633968,31,586521121,21040662,731,97199823.15616,98391669.16323,89483307.97
166,2010,31,729,125932922.55,MG,544633968,31,586521121,21040662,731,97199823.15616,98391669.16323,125932953.55
167,2004,31,497,51122452.183,MG,544633968,31,586521121,21040662,731,97199823.15616,98391669.16323,51122483.183
168,2007,31,861,113151278.32,MG,544633968,31,586521121,21040662,731,97199823.15616,98391669.16323,113151309.32
169,2011,31,825,127601435.44,MG,544633968,31,586521121,21040662,731,97199823.15616,98391669.16323,127601466.44
170,2012,31,775,126983928.11,MG,544633968,31,586521121,21040662,731,97199823.15616,98391669.16323,126983959.11
171,2013,31,824,120521642.55,MG,544633968,31,586521121,21040662,731,97199823.15616,98391669.16323,120521673.55
172,2003,32,30,704472.83,ES,109226783,32,46074444,3972388,740,19685616.74376,14392338.00188,704504.83
173,2004,32,24,2545503.23,ES,109226783,32,46074444,3972388,740,19685616.74376,14392338.00188,2545535.23
174,2005,32,43,5347721.52,ES,109226783,32,46074444,3972388,740,19685616.74376,14392338.00188,5347753.52
175,2006,32,34,9796238.82,ES,109226783,32,46074444,3972388,740,19685616.74376,14392338.00188,9796270.82
176,2007,32,36,8886921.86,ES,109226783,32,46074444,3972388,740,19685616.74376,14392338.00188,8886953.86
177,2008,32,32,7650131.71,ES,109226783,32,46074444,3972388,740,19685616.74376,14392338.00188,7650163.71
178,2009,32,26,3499900.89,ES,109226783,32,46074444,3972388,740,19685616.74376,14392338.00188,3499932.89
179,2010,32,57,13901170.01,ES,109226783,32,46074444,3972388,740,19685616.74376,14392338.00188,13901202.01
180,2011,32,77,5899519.5,ES,109226783,32,46074444,3972388,740,19685616.74376,14392338.00188,5899551.5
181,2012,32,46,7066045.53,ES,109226783,32,46074444,3972388,740,19685616.74376,14392338.00188,7066077.53
182,2013,32,35,6853656.5,ES,109226783,32,46074444,3972388,740,19685616.74376,14392338.00188,6853688.5
183,2003,41,347,10980798.7,PR,401661680,41,199305236,11348937,749,60163576.12246,55534402.97483,10980839.7
184,2005,41,353,17079250.92,PR,401661680,41,199305236,11348937,749,60163576.12246,55534402.97483,17079291.92
185,2009,41,260,26067364.88,PR,401661680,41,199305236,11348937,749,60163576.12246,55534402.97483,26067405.88
186,2010,41,295,37630315.42,PR,401661680,41,199305236,11348937,749,60163576.12246,55534402.97483,37630356.42
187,2004,41,409,15132656.073,PR,401661680,41,199305236,11348937,749,60163576.12246,55534402.97483,15132697.073
188,2006,41,394,21176172.91,PR,401661680,41,199305236,11348937,749,60163576.12246,55534402.97483,21176213.91
189,2007,41,298,22022022.17,PR,401661680,41,199305236,11348937,749,60163576.12246,55534402.97483,22022063.17
190,2008,41,286,33600600.52,PR,401661680,41,199305236,11348937,749,60163576.12246,55534402.97483,33600641.52
191,2011,41,425,47013887.88,PR,401661680,41,199305236,11348937,749,60163576.12246,55534402.97483,47013928.88
192,2012,41,374,48964637.5,PR,401661680,41,199305236,11348937,749,60163576.12246,55534402.97483,48964678.5
193,2013,41,416,48736170.77,PR,401661680,41,199305236,11348937,749,60163576.12246,55534402.97483,48736211.77
194,2003,42,157,7492236.35,SC,256661190,42,95730921,7075494,774,34696772.82078,25595103.37918,7492278.35
195,2006,42,262,11281764.08,SC,256661190,42,95730921,7075494,774,34696772.82078,25595103.37918,11281806.08
196,2009,42,233,19877897.14,SC,256661190,42,95730921,7075494,774,34696772.82078,25595103.37918,19877939.14
197,2010,42,314,26237658.77,SC,256661190,42,95730921,7075494,774,34696772.82078,25595103.37918,26237700.77
198,2004,42,197,8576782.32,SC,256661190,42,95730921,7075494,774,34696772.82078,25595103.37918,8576824.32
199,2005,42,252,11376809.481,SC,256661190,42,95730921,7075494,774,34696772.82078,25595103.37918,11376851.481
200,2007,42,215,19608717.1,SC,256661190,42,95730921,7075494,774,34696772.82078,25595103.37918,19608759.1
201,2008,42,250,16263025.86,SC,256661190,42,95730921,7075494,774,34696772.82078,25595103.37918,16263067.86
202,2011,42,322,31733322.36,SC,256661190,42,95730921,7075494,774,34696772.82078,25595103.37918,31733364.36
203,2012,42,307,37008576.45,SC,256661190,42,95730921,7075494,774,34696772.82078,25595103.37918,37008618.45
204,2013,42,304,33605285.39,SC,256661190,42,95730921,7075494,774,34696772.82078,25595103.37918,33605327.39
205,2003,50,37,1418074.25,MS,91865803,50,357145535,2748023,729,16396655.77012,14506915.37404,1418124.25
206,2004,50,39,1148773.84,MS,91865803,50,357145535,2748023,729,16396655.77012,14506915.37404,1148823.84
207,2005,50,39,2837122.96,MS,91865803,50,357145535,2748023,729,16396655.77012,14506915.37404,2837172.96
208,2006,50,30,2689122.13,MS,91865803,50,357145535,2748023,729,16396655.77012,14506915.37404,2689172.13
209,2007,50,30,2641577.24,MS,91865803,50,357145535,2748023,729,16396655.77012,14506915.37404,2641627.24
210,2008,50,22,741775.65,MS,91865803,50,357145535,2748023,729,16396655.77012,14506915.37404,741825.65
211,2009,50,18,898470.5,MS,91865803,50,357145535,2748023,729,16396655.77012,14506915.37404,898520.5
212,2010,50,19,1524173.96,MS,91865803,50,357145535,2748023,729,16396655.77012,14506915.37404,1524223.96
213,2011,50,20,2447713.6,MS,91865803,50,357145535,2748023,729,16396655.77012,14506915.37404,2447763.6
214,2012,50,25,2737417.78,MS,91865803,50,357145535,2748023,729,16396655.77012,14506915.37404,2737467.78
215,2013,50,22,337819.86,MS,91865803,50,357145535,2748023,729,16396655.77012,14506915.37404,337869.86
216,2003,51,13,255064.16,MT,123834253,51,903206997,3441998,725,23958528.83588,18187363.27009,255115.16
217,2004,51,37,1191249.9,MT,123834253,51,903206997,3441998,725,23958528.83588,18187363.27009,1191300.9
218,2005,51,30,1335000.0,MT,123834253,51,903206997,3441998,725,23958528.83588,18187363.27009,1335051.0
219,2006,51,24,2147255.43,MT,123834253,51,903206997,3441998,725,23958528.83588,18187363.27009,2147306.43
220,2007,51,37,1949789.59,MT,123834253,51,903206997,3441998,725,23958528.83588,18187363.27009,1949840.59
221,2008,51,34,1340022.46,MT,123834253,51,903206997,3441998,725,23958528.83588,18187363.27009,1340073.46
222,2009,51,21,1772717.06,MT,123834253,51,903206997,3441998,725,23958528.83588,18187363.27009,1772768.06
223,2010,51,42,1921992.84,MT,123834253,51,903206997,3441998,725,23958528.83588,18187363.27009,1922043.84
224,2011,51,57,4034516.87,MT,123834253,51,903206997,3441998,725,23958528.83588,18187363.27009,4034567.87
225,2012,51,24,2119145.372,MT,123834253,51,903206997,3441998,725,23958528.83588,18187363.27009,2119196.372
226,2013,51,32,1986709.95,MT,123834253,51,903206997,3441998,725,23958528.83588,18187363.27009,1986760.95
227,2003,52,72,4377431.97,GO,181692435,52,340125715,6921161,735,37885335.16848,24248380.34233,4377483.97
228,2004,52,85,4573416.55,GO,181692435,52,340125715,6921161,735,37885335.16848,24248380.34233,4573468.55
229,2005,52,122,3255424.82,GO,181692435,52,340125715,6921161,735,37885335.16848,24248380.34233,3255476.82
230,2006,52,106,4780833.52,GO,181692435,52,340125715,6921161,735,37885335.16848,24248380.34233,4780885.52
231,2007,52,101,4116784.0,GO,181692435,52,340125715,6921161,735,37885335.16848,24248380.34233,4116836.0
232,2008,52,123,4007510.08,GO,181692435,52,340125715,6921161,735,37885335.16848,24248380.34233,4007562.08
233,2009,52,79,3530510.64,GO,181692435,52,340125715,6921161,735,37885335.16848,24248380.34233,3530562.64
234,2010,52,104,5350966.1,GO,181692435,52,340125715,6921161,735,37885335.16848,24248380.34233,5351018.1
235,2011,52,129,8526974.29,GO,181692435,52,340125715,6921161,735,37885335.16848,24248380.34233,8527026.29
236,2012,52,100,7611642.71,GO,181692435,52,340125715,6921161,735,37885335.16848,24248380.34233,7611694.71
237,2013,52,109,3825082.75,GO,181692435,52,340125715,6921161,735,37885335.16848,24248380.34233,3825134.75
238,2003,53,172,16612977.06,DF,235497107,53,5760783,2974703,824,23812211.27074,21990464.6849,16613030.06
239,2004,53,233,9728327.11,DF,235497107,53,5760783,2974703,824,23812211.27074,21990464.6849,9728380.11
240,2005,53,229,11007726.27,DF,235497107,53,5760783,2974703,824,23812211.27074,21990464.6849,11007779.27
241,2007,53,229,18349576.93,DF,235497107,53,5760783,2974703,824,23812211.27074,21990464.6849,18349629.93
242,2008,53,174,20382329.37,DF,235497107,53,5760783,2974703,824,23812211.27074,21990464.6849,20382382.37
243,2009,53,151,29946493.3,DF,235497107,53,5760783,2974703,824,23812211.27074,21990464.6849,29946546.3
244,2010,53,179,23788665.02,DF,235497107,53,5760783,2974703,824,23812211.27074,21990464.6849,23788718.02
245,2006,53,236,18790543.277,DF,235497107,53,5760783,2974703,824,23812211.27074,21990464.6849,18790596.277
246,2011,53,210,23397498.38,DF,235497107,53,5760783,2974703,824,23812211.27074,21990464.6849,23397551.38
247,2012,53,134,15871164.88,DF,235497107,53,5760783,2974703,824,23812211.27074,21990464.6849,15871217.88
248,2013,53,146,11646268.29,DF,235497107,53,5760783,2974703,824,23812211.27074,21990464.6849,11646321.29
249,2004,23,76,6446545.15,CE,138378785,23,148894757,9075649,682,28420222.47191,24608352.18276,6446568.15
250,2005,23,94,7526351.2,CE,138378785,23,148894757,9075649,682,28420222.47191,24608352.18276,7526374.2
251,2006,23,101,10883607.18,CE,138378785,23,148894757,9075649,682,28420222.47191,24608352.18276,10883630.18
252,2007,23,109,8850204.55,CE,138378785,23,148894757,9075649,682,28420222.47191,24608352.18276,8850227.55
253,2008,23,101,11341428.19,CE,138378785,23,148894757,9075649,682,28420222.47191,24608352.18276,11341451.19
254,2009,23,119,13760618.76,CE,138378785,23,148894757,9075649,682,28420222.47191,24608352.18276,13760641.76
255,2010,23,119,16340775.46,CE,138378785,23,148894757,9075649,682,28420222.47191,24608352.18276,16340798.46
256,2003,23,52,5510544.74,CE,138378785,23,148894757,9075649,682,28420222.47191,24608352.18276,5510567.74
257,2011,23,168,16523774.47,CE,138378785,23,148894757,9075649,682,28420222.47191,24608352.18276,16523797.47
258,2012,23,125,13880272.54,CE,138378785,23,148894757,9075649,682,28420222.47191,24608352.18276,13880295.54
259,2013,23,131,10902055.09,CE,138378785,23,148894757,9075649,682,28420222.47191,24608352.18276,10902078.09
260,2005,33,1319,198598718.2,RJ,640185780,33,43750423,17159960,761,78488140.78862,67965548.69757,198598751.2
261,2009,33,1371,278573489.63,RJ,640185780,33,43750423,17159960,761,78488140.78862,67965548.69757,278573522.63
262,2010,33,1885,270918973.531,RJ,640185780,33,43750423,17159960,761,78488140.78862,67965548.69757,270919006.531
263,2003,33,1082,114527695.1,RJ,640185780,33,43750423,17159960,761,78488140.78862,67965548.69757,114527728.1
264,2004,33,1181,120210957.909,RJ,640185780,33,43750423,17159960,761,78488140.78862,67965548.69757,120210990.909
265,2006,33,1485,207813166.38,RJ,640185780,33,43750423,17159960,761,78488140.78862,67965548.69757,207813199.38
266,2007,33,1451,226644756.413,RJ,640185780,33,43750423,17159960,761,78488140.78862,67965548.69757,226644789.413
267,2008,33,1546,231060035.75,RJ,640185780,33,43750423,17159960,761,78488140.78862,67965548.69757,231060068.75
268,2011,33,1908,351462546.21,RJ,640185780,33,43750423,17159960,761,78488140.78862,67965548.69757,351462579.21
269,2012,33,1396,333485175.72,RJ,640185780,33,43750423,17159960,761,78488140.78862,67965548.69757,333485208.72
270,2013,33,1326,289040661.34,RJ,640185780,33,43750423,17159960,761,78488140.78862,67965548.69757,289040694.34
271,2005,43,384,49305232.89,RS,408645099,43,281707151,11329605,746,66397468.17915,62476279.34364,49305275.89
272,2009,43,417,56172592.58,RS,408645099,43,281707151,11329605,746,66397468.17915,62476279.34364,56172635.58
273,2010,43,537,69147505.12,RS,408645099,43,281707151,11329605,746,66397468.17915,62476279.34364,69147548.12
274,2003,43,179,24521444.14,RS,408645099,43,281707151,11329605,746,66397468.17915,62476279.34364,24521487.14
275,2004,43,266,39834566.98,RS,408645099,43,281707151,11329605,746,66397468.17915,62476279.34364,39834609.98
276,2006,43,418,48775920.01,RS,408645099,43,281707151,11329605,746,66397468.17915,62476279.34364,48775963.01
277,2007,43,471,59722687.04,RS,408645099,43,281707151,11329605,746,66397468.17915,62476279.34364,59722730.04
278,2008,43,467,59783943.57,RS,408645099,43,281707151,11329605,746,66397468.17915,62476279.34364,59783986.57
279,2011,43,525,72510630.59,RS,408645099,43,281707151,11329605,746,66397468.17915,62476279.34364,72510673.59
280,2012,43,462,64295433.56,RS,408645099,43,281707151,11329605,746,66397468.17915,62476279.34364,64295476.56
281,2013,43,567,71054784.68,RS,408645099,43,281707151,11329605,746,66397468.17915,62476279.34364,71054827.68
282,2009,35,1866,399415971.79,SP,2038004931,35,248219481,45538936,783,232822496.56706,231982243.69176,399416006.79
283,2003,35,1231,169157089.33,SP,2038004931,35,248219481,45538936,783,232822496.56706,231982243.69176,169157124.33
284,2004,35,1450,215266739.06,SP,2038004931,35,248219481,45538936,783,232822496.56706,231982243.69176,215266774.06
285,2005,35,1782,290287724.34,SP,2038004931,35,248219481,45538936,783,232822496.56706,231982243.69176,290287759.34
286,2006,35,2013,360753874.16,SP,2038004931,35,248219481,45538936,783,232822496.56706,231982243.69176,360753909.16
287,2007,35,1847,442010567.973,SP,2038004931,35,248219481,45538936,783,232822496.56706,231982243.69176,442010602.973
288,2008,35,2055,415104537.89,SP,2038004931,35,248219481,45538936,783,232822496.56706,231982243.69176,415104572.89
289,2010,35,2385,492106132.72,SP,2038004931,35,248219481,45538936,783,232822496.56706,231982243.69176,492106167.72
290,2011,35,2586,571786989.08,SP,2038004931,35,248219481,45538936,783,232822496.56706,231982243.69176,571787024.08
291,2012,35,2089,563265073.69,SP,2038004931,35,248219481,45538936,783,232822496.56706,231982243.69176,563265108.69
292,2013,35,2062,506570766.96,SP,2038004931,35,248219481,45538936,783,232822496.56706,231982243.69176,506570801.96
